{
  "Boron 4%": {
    "material": "Boron 4%",
    "predictions": [
      44.8161506652832,
      40.67167282104492,
      41.12800216674805,
      41.921688079833984,
      37.17354965209961
    ],
    "actuals": [
      47.1465,
      41.1365,
      41.926,
      42.5135,
      38.862
    ],
    "dates": [
      "2025-08",
      "2025-09",
      "2025-10",
      "2025-11",
      "2025-12"
    ],
    "mae": 1.174687322998048,
    "rmse": 1.377279840566958,
    "mape": 2.742576908369738
  },
  "Iron Metal (80%)": {
    "material": "Iron Metal (80%)",
    "predictions": [
      27.02875518798828,
      18.85570526123047,
      27.24340057373047,
      26.624006271362305,
      28.400114059448242
    ],
    "actuals": [
      28.8,
      18.72,
      27.36,
      26.64,
      33.84
    ],
    "dates": [
      "2025-08",
      "2025-09",
      "2025-10",
      "2025-11",
      "2025-12"
    ],
    "mae": 1.4958858337402354,
    "rmse": 2.5597630505099063,
    "mape": 4.687318788040275
  },
  "Magnesium (99.90%)": {
    "material": "Magnesium (99.90%)",
    "predictions": [
      43.65681076049805,
      48.8685302734375,
      42.22609329223633,
      45.66558074951172,
      34.04731750488281
    ],
    "actuals": [
      45.793,
      51.877,
      42.586,
      46.196,
      36.259
    ],
    "dates": [
      "2025-08",
      "2025-09",
      "2025-10",
      "2025-11",
      "2025-12"
    ],
    "mae": 1.6493334838867184,
    "rmse": 1.945076422220814,
    "mape": 3.7114237258597504
  },
  "Si Metal 98.5%": {
    "material": "Si Metal 98.5%",
    "predictions": [
      31.633819580078125,
      33.55647277832031,
      37.30660629272461,
      31.9588565826416,
      28.038394927978516
    ],
    "actuals": [
      34.0,
      38.0,
      38.0,
      32.0,
      28.0
    ],
    "dates": [
      "2025-08",
      "2025-09",
      "2025-10",
      "2025-11",
      "2025-12"
    ],
    "mae": 1.5165279388427735,
    "rmse": 2.2727826879842947,
    "mape": 4.148653013840127
  },
  "Tibor Rod 5:1": {
    "material": "Tibor Rod 5:1",
    "predictions": [
      40.51741409301758,
      40.852745056152344,
      45.26088333129883,
      38.408267974853516,
      40.9880256652832
    ],
    "actuals": [
      45.9175,
      44.2225,
      48.0565,
      39.039,
      41.366
    ],
    "dates": [
      "2025-08",
      "2025-09",
      "2025-10",
      "2025-11",
      "2025-12"
    ],
    "mae": 2.5148327758789053,
    "rmse": 3.1264144391921445,
    "mape": 5.545428392703613
  }
}