{
  "historical": {
    "months": [
      1,
      2,
      3,
      4,
      5,
      6,
      7,
      8,
      9,
      10,
      11,
      12,
      1,
      2,
      3,
      4,
      5,
      6,
      7,
      8,
      9,
      10,
      11,
      12
    ],
    "years": [
      2024,
      2024,
      2024,
      2024,
      2024,
      2024,
      2024,
      2024,
      2024,
      2024,
      2024,
      2024,
      2025,
      2025,
      2025,
      2025,
      2025,
      2025,
      2025,
      2025,
      2025,
      2025,
      2025,
      2025
    ],
    "labels": [
      "2024-01",
      "2024-02",
      "2024-03",
      "2024-04",
      "2024-05",
      "2024-06",
      "2024-07",
      "2024-08",
      "2024-09",
      "2024-10",
      "2024-11",
      "2024-12",
      "2025-01",
      "2025-02",
      "2025-03",
      "2025-04",
      "2025-05",
      "2025-06",
      "2025-07",
      "2025-08",
      "2025-09",
      "2025-10",
      "2025-11",
      "2025-12"
    ],
    "total": [
      672.99,
      493.17,
      610.28,
      464.23,
      701.34,
      689.12,
      663.36,
      717.06,
      671.07,
      674.1,
      722.32,
      694.9,
      621.1,
      460.7,
      608.4,
      564.8,
      564.0,
      520.8,
      574.0,
      633.1,
      691.4,
      533.7,
      523.1,
      517.9
    ],
    "defect": [
      315.2,
      215.94,
      226.13,
      140.1,
      275.42,
      283.25,
      315.18,
      197.48,
      204.74,
      248.22,
      218.74,
      289.98,
      254.3,
      183.2,
      220.0,
      178.4,
      207.6,
      230.9,
      214.5,
      275.5,
      308.5,
      153.0,
      156.6,
      176.5
    ],
    "process": [
      357.79,
      277.23,
      384.16,
      324.13,
      425.93,
      405.87,
      348.18,
      519.58,
      466.33,
      425.88,
      503.58,
      404.92,
      366.8,
      277.5,
      388.4,
      386.3,
      356.4,
      289.9,
      359.5,
      357.6,
      382.9,
      380.7,
      366.5,
      341.5
    ]
  },
  "predictions": {
    "total": [
      {
        "Month": 7,
        "Year": 2024,
        "Actual": 663.36,
        "Predicted": 683.068704,
        "Error": -19.70870400000001,
        "Abs_Pct_Error": 2.9710419681620857
      },
      {
        "Month": 8,
        "Year": 2024,
        "Actual": 717.06,
        "Predicted": 658.4266081343054,
        "Error": 58.63339186569453,
        "Abs_Pct_Error": 8.176915720538663
      },
      {
        "Month": 9,
        "Year": 2024,
        "Actual": 671.07,
        "Predicted": 708.320237564724,
        "Error": -37.25023756472399,
        "Abs_Pct_Error": 5.550872124327415
      },
      {
        "Month": 10,
        "Year": 2024,
        "Actual": 674.1,
        "Predicted": 665.5002928363475,
        "Error": 8.59970716365251,
        "Abs_Pct_Error": 1.275731666466772
      },
      {
        "Month": 11,
        "Year": 2024,
        "Actual": 722.32,
        "Predicted": 668.2856190865282,
        "Error": 54.03438091347186,
        "Abs_Pct_Error": 7.480670743364694
      },
      {
        "Month": 12,
        "Year": 2024,
        "Actual": 694.9,
        "Predicted": 712.9657215576917,
        "Error": -18.065721557691745,
        "Abs_Pct_Error": 2.5997584627560437
      },
      {
        "Month": 1,
        "Year": 2025,
        "Actual": 621.1,
        "Predicted": 688.2476512992006,
        "Error": -67.14765129920056,
        "Abs_Pct_Error": 10.811085380647327
      },
      {
        "Month": 2,
        "Year": 2025,
        "Actual": 460.7,
        "Predicted": 618.9303575432754,
        "Error": -158.23035754327535,
        "Abs_Pct_Error": 34.34563871136865
      },
      {
        "Month": 3,
        "Year": 2025,
        "Actual": 608.4,
        "Predicted": 468.10823982869823,
        "Error": 140.29176017130175,
        "Abs_Pct_Error": 23.05913217805749
      },
      {
        "Month": 4,
        "Year": 2025,
        "Actual": 564.8,
        "Predicted": 600.2544269017344,
        "Error": -35.45442690173445,
        "Abs_Pct_Error": 6.277341873536553
      },
      {
        "Month": 5,
        "Year": 2025,
        "Actual": 564.0,
        "Predicted": 559.1355964112031,
        "Error": 4.864403588796904,
        "Abs_Pct_Error": 0.8624829058150538
      },
      {
        "Month": 6,
        "Year": 2025,
        "Actual": 520.8,
        "Predicted": 559.0190989727229,
        "Error": -38.21909897272292,
        "Abs_Pct_Error": 7.338536669109624
      },
      {
        "Month": 7,
        "Year": 2025,
        "Actual": 574.0,
        "Predicted": 518.415163654171,
        "Error": 55.58483634582899,
        "Abs_Pct_Error": 9.683769398228046
      },
      {
        "Month": 8,
        "Year": 2025,
        "Actual": 633.1,
        "Predicted": 567.8140005685133,
        "Error": 65.28599943148674,
        "Abs_Pct_Error": 10.312114899934723
      },
      {
        "Month": 9,
        "Year": 2025,
        "Actual": 691.4,
        "Predicted": 623.9800084575953,
        "Error": 67.41999154240466,
        "Abs_Pct_Error": 9.751228166387715
      },
      {
        "Month": 10,
        "Year": 2025,
        "Actual": 533.7,
        "Predicted": 680.756492225359,
        "Error": -147.05649222535897,
        "Abs_Pct_Error": 27.55414881494453
      },
      {
        "Month": 11,
        "Year": 2025,
        "Actual": 523.1,
        "Predicted": 537.2689834399537,
        "Error": -14.16898343995365,
        "Abs_Pct_Error": 2.7086567463111546
      },
      {
        "Month": 12,
        "Year": 2025,
        "Actual": 517.9,
        "Predicted": 520.8781326949628,
        "Error": -2.978132694962824,
        "Abs_Pct_Error": 0.5750401032946175
      }
    ],
    "defect": [
      {
        "Month": 7,
        "Year": 2024,
        "Actual": 315.18,
        "Predicted": 279.00125,
        "Error": 36.17874999999998,
        "Abs_Pct_Error": 11.478758169934634
      },
      {
        "Month": 8,
        "Year": 2024,
        "Actual": 197.48,
        "Predicted": 303.52857158590376,
        "Error": -106.04857158590376,
        "Abs_Pct_Error": 53.70091735158182
      },
      {
        "Month": 9,
        "Year": 2024,
        "Actual": 204.74,
        "Predicted": 205.66417827452597,
        "Error": -0.9241782745259286,
        "Abs_Pct_Error": 0.4513911666142075
      },
      {
        "Month": 10,
        "Year": 2024,
        "Actual": 248.22,
        "Predicted": 214.5888457304064,
        "Error": 33.63115426959362,
        "Abs_Pct_Error": 13.548930090078809
      },
      {
        "Month": 11,
        "Year": 2024,
        "Actual": 218.74,
        "Predicted": 240.21440473083567,
        "Error": -21.474404730835715,
        "Abs_Pct_Error": 9.81731952584608
      },
      {
        "Month": 12,
        "Year": 2024,
        "Actual": 289.98,
        "Predicted": 228.23302752137624,
        "Error": 61.746972478623775,
        "Abs_Pct_Error": 21.293527994559547
      },
      {
        "Month": 1,
        "Year": 2025,
        "Actual": 254.3,
        "Predicted": 281.3005365424599,
        "Error": -27.000536542459884,
        "Abs_Pct_Error": 10.617592033999166
      },
      {
        "Month": 2,
        "Year": 2025,
        "Actual": 183.2,
        "Predicted": 245.17969267029343,
        "Error": -61.979692670293446,
        "Abs_Pct_Error": 33.8317099728676
      },
      {
        "Month": 3,
        "Year": 2025,
        "Actual": 220.0,
        "Predicted": 192.1330746899324,
        "Error": 27.866925310067643,
        "Abs_Pct_Error": 12.66678423184893
      },
      {
        "Month": 4,
        "Year": 2025,
        "Actual": 178.4,
        "Predicted": 213.6806017993036,
        "Error": -35.280601799303554,
        "Abs_Pct_Error": 19.77612208481141
      },
      {
        "Month": 5,
        "Year": 2025,
        "Actual": 207.6,
        "Predicted": 184.9854848029952,
        "Error": 22.61451519700481,